{
  "current_phase_a": 2101.8531018197536,
  "current_phase_c": 1677.7766064405441,
  "voltage_phase_a": 3835.2601829469204,
  "voltage_phase_b": 2511.8023677766323,
  "voltage_phase_c": 2656.739472270012,
  "voltage_3U0": 100349.12321513891
}